id,username,email,created_at
1,dawnwindow68,dawnwindow68@acme.dev,2025-12-14 18:57:39
2,goldisland78,goldisland78@hackstack.io,2025-12-06 15:38:05
3,proudlagoon85,proudlagoon85@example.com,2025-08-06 10:21:45
4,keenyard46,keenyard46@hackstack.io,2024-06-07 10:25:41
5,forestuplink45,forestuplink45@relay.cloud,2025-05-24 02:20:10
6,mellowvalley55,mellowvalley55@opswise.net,2024-03-04 03:37:38
7,vividfield63,vividfield63@relay.cloud,2025-03-13 14:06:19
8,opaljourney88,opaljourney88@example.com,2024-06-28 19:34:34
9,ivoryriver89,ivoryriver89@opswise.net,2025-04-10 11:59:48
10,opalkernel42,opalkernel42@example.com,2024-03-03 16:20:15
11,clearyard31,clearyard31@example.com,2025-09-15 14:52:57
12,livelydelta80,livelydelta80@seeded.app,2024-06-13 07:07:41
13,mellowkernel24,mellowkernel24@hackstack.io,2024-09-29 03:33:11
14,mellowbeacon02,mellowbeacon02@hackstack.io,2025-09-29 09:51:27
15,calmanchor62,calmanchor62@example.com,2024-01-23 13:00:57
16,silvernetwork23,silvernetwork23@hackstack.io,2024-06-23 02:23:11
17,forestquartz35,forestquartz35@seeded.app,2026-01-18 06:00:11
18,vividwindow81,vividwindow81@relay.cloud,2025-10-21 16:02:45
19,ivoryvalley79,ivoryvalley79@opswise.net,2024-04-10 23:41:50
20,quietgarden61,quietgarden61@hackstack.io,2024-10-28 03:48:02
21,vividdelta54,vividdelta54@relay.cloud,2025-11-27 00:24:44
22,rapidengine99,rapidengine99@seeded.app,2025-02-28 09:33:24
23,harborsignal19,harborsignal19@opswise.net,2025-07-11 23:13:25
24,silverpioneer07,silverpioneer07@acme.dev,2025-08-31 21:15:45
25,forestvalley54,forestvalley54@relay.cloud,2024-07-07 23:12:05
26,jadezenith03,jadezenith03@relay.cloud,2025-01-29 05:27:55
27,embergarden86,embergarden86@seeded.app,2024-03-20 15:20:59
28,youngfield52,youngfield52@example.com,2025-09-02 03:02:02
29,keenjourney97,keenjourney97@acme.dev,2024-07-02 19:02:32
30,livelylagoon15,livelylagoon15@seeded.app,2025-06-03 12:59:50
31,tidylagoon39,tidylagoon39@example.com,2025-05-08 17:10:26
32,harborcanyon42,harborcanyon42@example.com,2025-08-20 10:01:10
33,vividbeacon53,vividbeacon53@seeded.app,2025-09-25 12:10:13
34,urbantrail39,urbantrail39@example.com,2025-09-25 12:10:18
35,ivorydelta89,ivorydelta89@hackstack.io,2025-09-28 19:31:45
36,harborisland87,harborisland87@relay.cloud,2025-12-21 01:22:11
37,amberorbit28,amberorbit28@relay.cloud,2025-01-18 21:40:00
38,harbortrail03,harbortrail03@seeded.app,2024-08-18 00:25:04
39,opalengine36,opalengine36@seeded.app,2025-06-07 10:34:50
40,jadesignal46,jadesignal46@seeded.app,2025-09-09 08:03:08
41,keenzenith54,keenzenith54@relay.cloud,2024-08-13 15:29:01
42,vividtrail88,vividtrail88@hackstack.io,2025-02-27 11:59:48
43,navyjourney31,navyjourney31@acme.dev,2025-01-17 21:54:52
44,briskanchor76,briskanchor76@example.com,2025-11-03 23:35:23
45,warmjourney76,warmjourney76@acme.dev,2025-04-17 09:25:12
46,mellowyard87,mellowyard87@seeded.app,2025-10-28 12:21:18
47,vividdelta68,vividdelta68@seeded.app,2024-08-27 21:10:22
48,mellowdelta34,mellowdelta34@relay.cloud,2024-05-13 12:04:58
49,calmharvest96,calmharvest96@seeded.app,2024-11-29 07:55:08
50,mellowisland41,mellowisland41@acme.dev,2026-01-05 06:39:10
51,urbankernel34,urbankernel34@hackstack.io,2024-09-23 07:53:59
52,quietriver00,quietriver00@seeded.app,2026-02-01 00:49:54
53,brisknetwork60,brisknetwork60@relay.cloud,2024-07-10 15:56:22
54,opalengine88,opalengine88@relay.cloud,2025-03-29 16:04:48
55,rapidorbit24,rapidorbit24@opswise.net,2024-05-13 01:58:55
56,opalgarden13,opalgarden13@seeded.app,2024-02-05 21:33:47
57,quietquartz89,quietquartz89@hackstack.io,2025-08-13 20:51:31
58,quietdelta57,quietdelta57@acme.dev,2024-08-09 07:06:37
59,proudorbit67,proudorbit67@example.com,2025-02-09 01:32:30
60,urbanmeadow16,urbanmeadow16@acme.dev,2024-06-04 13:56:38
61,rapidfield41,rapidfield41@relay.cloud,2024-08-19 06:33:48
62,keendelta50,keendelta50@example.com,2024-06-02 03:32:40
63,calmwindow05,calmwindow05@acme.dev,2025-05-27 04:12:20
64,livelynetwork33,livelynetwork33@example.com,2025-11-09 08:45:32
65,goldyard32,goldyard32@hackstack.io,2025-07-21 16:20:26
66,ivoryquartz69,ivoryquartz69@opswise.net,2024-12-20 13:07:51
67,ivorytrail46,ivorytrail46@example.com,2024-05-12 07:11:15
68,ivorywindow05,ivorywindow05@opswise.net,2026-01-01 21:22:55
69,livelyquartz40,livelyquartz40@relay.cloud,2025-03-17 03:01:32
70,youngnetwork16,youngnetwork16@hackstack.io,2025-10-23 03:35:58
71,cobaltlagoon52,cobaltlagoon52@seeded.app,2024-11-02 19:51:57
72,jadegarden11,jadegarden11@relay.cloud,2024-01-05 20:56:25
73,calmorbit06,calmorbit06@opswise.net,2025-01-06 22:59:22
74,jadezenith76,jadezenith76@seeded.app,2025-11-29 23:31:41
75,urbanharvest31,urbanharvest31@acme.dev,2024-02-05 10:16:26
76,rapidengine97,rapidengine97@relay.cloud,2025-11-15 02:38:55
77,navyanchor13,navyanchor13@example.com,2024-11-16 11:29:26
78,cobaltfield32,cobaltfield32@relay.cloud,2024-03-25 18:44:08
79,proudzenith23,proudzenith23@hackstack.io,2024-01-21 00:28:12
80,briskzenith74,briskzenith74@relay.cloud,2024-06-30 11:54:31
81,harbormeadow40,harbormeadow40@opswise.net,2025-10-11 16:01:04
82,livelytrail98,livelytrail98@acme.dev,2025-07-17 19:32:13
83,amberorbit26,amberorbit26@seeded.app,2024-05-03 23:35:40
84,forestyard48,forestyard48@relay.cloud,2024-09-28 05:28:42
85,silversignal61,silversignal61@acme.dev,2025-08-02 22:36:21
86,calmzenith59,calmzenith59@seeded.app,2025-04-15 17:12:37
87,silveruplink86,silveruplink86@example.com,2025-12-10 02:07:07
88,forestquartz15,forestquartz15@opswise.net,2024-02-21 07:48:51
89,keentrail55,keentrail55@seeded.app,2025-04-11 14:32:49
90,mellowyard04,mellowyard04@relay.cloud,2024-12-07 05:59:14
91,goldfield76,goldfield76@example.com,2024-05-11 19:43:39
92,urbanuplink16,urbanuplink16@relay.cloud,2024-04-11 07:56:17
93,goldcanyon56,goldcanyon56@relay.cloud,2025-07-25 18:20:05
94,forestyard77,forestyard77@relay.cloud,2025-10-28 04:16:53
95,livelyorbit96,livelyorbit96@hackstack.io,2024-07-14 09:53:34
96,navyharvest48,navyharvest48@opswise.net,2024-12-14 07:28:03
97,emberuplink49,emberuplink49@relay.cloud,2025-02-24 04:58:03
98,silverengine44,silverengine44@relay.cloud,2024-03-23 23:30:56
99,brisktrail68,brisktrail68@opswise.net,2024-06-15 14:07:46
100,emberuplink08,emberuplink08@acme.dev,2024-01-02 05:52:41
101,youngorbit62,youngorbit62@seeded.app,2025-10-24 22:40:17
102,proudorbit27,proudorbit27@seeded.app,2025-01-07 03:34:23
103,urbancanyon74,urbancanyon74@opswise.net,2025-02-21 01:33:26
104,calmfield39,calmfield39@opswise.net,2025-10-19 21:42:54
105,navymeadow41,navymeadow41@acme.dev,2025-08-11 03:19:23
106,dawncanyon75,dawncanyon75@example.com,2024-12-20 19:02:36
107,goldzenith18,goldzenith18@relay.cloud,2024-07-19 10:57:34
108,warmgarden17,warmgarden17@opswise.net,2024-04-02 23:15:49
109,ivoryorbit89,ivoryorbit89@example.com,2025-09-21 07:39:20
110,rapidsignal16,rapidsignal16@example.com,2024-04-05 05:27:55
111,livelyriver99,livelyriver99@opswise.net,2024-11-30 12:47:49
112,younganchor54,younganchor54@seeded.app,2025-02-18 15:14:49
113,silveranchor38,silveranchor38@acme.dev,2024-08-06 03:52:39
114,rapidriver49,rapidriver49@acme.dev,2024-11-26 06:39:36
115,opalmeadow57,opalmeadow57@example.com,2024-01-15 10:55:20
116,ivoryzenith13,ivoryzenith13@acme.dev,2024-01-31 13:51:18
117,mellowbeacon71,mellowbeacon71@seeded.app,2025-11-30 16:13:39
118,youngisland30,youngisland30@seeded.app,2025-12-28 21:03:48
119,mellowwindow96,mellowwindow96@hackstack.io,2025-02-06 18:07:43
120,amberyard18,amberyard18@relay.cloud,2025-09-21 00:32:53
121,ivoryriver40,ivoryriver40@seeded.app,2025-09-13 14:47:36
122,quietjourney67,quietjourney67@opswise.net,2025-10-11 02:04:03
123,forestdelta35,forestdelta35@relay.cloud,2025-05-16 07:25:38
124,keensignal47,keensignal47@seeded.app,2024-03-05 14:03:12
125,urbanvalley54,urbanvalley54@relay.cloud,2024-11-26 04:49:45
126,cobaltcanyon29,cobaltcanyon29@acme.dev,2025-04-05 06:27:43
127,jadekernel52,jadekernel52@opswise.net,2025-03-22 05:23:06
128,livelykernel40,livelykernel40@acme.dev,2025-04-07 08:57:23
129,clearjourney53,clearjourney53@seeded.app,2024-01-22 06:37:53
130,urbankernel69,urbankernel69@example.com,2024-06-07 05:40:22
131,ambernetwork17,ambernetwork17@hackstack.io,2025-02-13 06:07:33
132,opalgarden65,opalgarden65@example.com,2025-01-20 20:21:34
133,calmjourney38,calmjourney38@hackstack.io,2024-08-22 09:26:23
134,emberisland09,emberisland09@hackstack.io,2025-02-23 10:27:20
135,navywindow83,navywindow83@seeded.app,2025-10-03 16:04:04
136,vividcanyon32,vividcanyon32@relay.cloud,2024-01-13 20:14:51
137,navyharvest76,navyharvest76@seeded.app,2025-03-31 11:18:31
138,mellowjourney73,mellowjourney73@seeded.app,2025-06-12 20:03:42
139,warmjourney19,warmjourney19@relay.cloud,2025-09-16 23:23:54
140,rapidfield81,rapidfield81@relay.cloud,2024-09-13 04:10:01
141,silvermeadow31,silvermeadow31@example.com,2025-12-17 15:09:23
142,cobaltfield47,cobaltfield47@opswise.net,2025-02-21 17:50:34
143,tidybeacon98,tidybeacon98@opswise.net,2025-08-03 05:49:00
144,rapidwindow74,rapidwindow74@hackstack.io,2024-02-24 01:24:38
145,silveryard10,silveryard10@hackstack.io,2024-11-06 15:44:01
146,dawnengine47,dawnengine47@hackstack.io,2025-06-30 22:25:03
147,cobaltdelta76,cobaltdelta76@acme.dev,2025-10-10 03:56:55
148,youngorbit28,youngorbit28@acme.dev,2024-07-27 16:32:17
149,urbanlagoon49,urbanlagoon49@opswise.net,2025-05-03 00:40:06
150,tidywindow93,tidywindow93@relay.cloud,2025-03-27 15:41:46
151,mellowjourney46,mellowjourney46@acme.dev,2024-05-25 09:53:31
152,amberkernel56,amberkernel56@opswise.net,2024-11-21 04:04:37
153,dawnsignal69,dawnsignal69@relay.cloud,2025-02-19 18:22:38
154,silverkernel06,silverkernel06@hackstack.io,2025-08-25 13:41:12
155,livelyzenith64,livelyzenith64@example.com,2024-11-15 10:53:01
156,calmyard84,calmyard84@hackstack.io,2025-01-20 07:35:02
157,tidysignal97,tidysignal97@relay.cloud,2025-03-05 16:48:00
158,quiettrail25,quiettrail25@acme.dev,2024-06-04 15:41:20
159,emberjourney86,emberjourney86@example.com,2025-10-17 23:00:27
160,briskdelta13,briskdelta13@acme.dev,2024-06-06 11:30:44
161,navybeacon47,navybeacon47@opswise.net,2024-10-07 07:12:46
162,warmmeadow79,warmmeadow79@hackstack.io,2025-11-06 00:51:15
163,amberquartz83,amberquartz83@seeded.app,2025-07-01 13:51:25
164,dawnbeacon69,dawnbeacon69@seeded.app,2024-09-01 08:41:43
165,livelygarden36,livelygarden36@seeded.app,2026-01-26 09:37:40
166,ivorysignal00,ivorysignal00@seeded.app,2024-06-17 04:16:00
167,tidyjourney88,tidyjourney88@seeded.app,2025-05-11 03:35:53
168,livelyanchor80,livelyanchor80@hackstack.io,2024-10-04 18:17:43
169,amberlagoon85,amberlagoon85@opswise.net,2024-08-16 04:46:59
170,opallagoon35,opallagoon35@hackstack.io,2024-08-11 23:22:23
171,dawnyard03,dawnyard03@relay.cloud,2025-05-25 11:17:32
172,cobaltanchor85,cobaltanchor85@opswise.net,2024-03-12 17:02:08
173,briskjourney53,briskjourney53@example.com,2024-11-14 20:52:25
174,cobaltkernel78,cobaltkernel78@acme.dev,2025-07-13 14:43:41
175,opalzenith06,opalzenith06@seeded.app,2024-09-17 03:21:37
176,forestnetwork55,forestnetwork55@example.com,2025-12-31 13:19:20
177,emberorbit18,emberorbit18@acme.dev,2024-02-16 17:46:42
178,calmpioneer77,calmpioneer77@opswise.net,2024-02-23 02:56:31
179,emberengine06,emberengine06@seeded.app,2024-03-10 18:54:33
180,rapidvalley25,rapidvalley25@seeded.app,2024-03-27 11:55:52
181,warmisland47,warmisland47@seeded.app,2025-10-21 23:13:34
182,goldriver22,goldriver22@seeded.app,2024-03-14 21:08:03
183,proudtrail44,proudtrail44@relay.cloud,2024-10-24 04:54:17
184,emberanchor78,emberanchor78@acme.dev,2025-03-05 13:55:25
185,opalkernel56,opalkernel56@hackstack.io,2025-03-08 05:27:50
186,clearorbit75,clearorbit75@acme.dev,2025-10-24 09:42:25
187,livelylagoon60,livelylagoon60@opswise.net,2025-05-05 07:01:42
188,opaluplink34,opaluplink34@relay.cloud,2024-09-29 00:20:45
189,clearjourney98,clearjourney98@example.com,2025-09-12 05:04:08
190,opalnetwork55,opalnetwork55@example.com,2024-07-25 18:36:33
191,quietisland42,quietisland42@acme.dev,2024-09-24 21:58:50
192,warmlagoon79,warmlagoon79@seeded.app,2025-07-10 01:21:01
193,clearengine59,clearengine59@example.com,2024-07-08 10:11:17
194,dawntrail52,dawntrail52@example.com,2024-10-24 13:45:27
195,goldlagoon36,goldlagoon36@opswise.net,2025-10-10 01:58:10
196,amberyard94,amberyard94@seeded.app,2024-05-02 23:19:34
197,rapiddelta69,rapiddelta69@seeded.app,2024-07-21 15:48:20
198,rapidriver02,rapidriver02@opswise.net,2025-05-17 04:18:06
199,quietwindow97,quietwindow97@hackstack.io,2025-03-10 18:25:25
200,briskzenith42,briskzenith42@seeded.app,2024-08-07 19:55:36
201,vividbeacon31,vividbeacon31@seeded.app,2025-02-28 19:26:40
202,jadelagoon22,jadelagoon22@acme.dev,2024-09-19 11:43:59
203,opaluplink14,opaluplink14@example.com,2024-09-28 07:02:25
204,mellowzenith63,mellowzenith63@hackstack.io,2024-10-30 15:24:25
205,goldtrail24,goldtrail24@relay.cloud,2025-04-21 17:51:31
206,warmwindow95,warmwindow95@hackstack.io,2026-01-29 11:13:41
207,quietengine19,quietengine19@opswise.net,2025-10-28 12:02:19
208,harboryard08,harboryard08@opswise.net,2025-05-04 03:32:29
209,emberriver07,emberriver07@opswise.net,2024-05-08 06:31:02
210,amberengine86,amberengine86@seeded.app,2025-10-19 04:36:37
211,warmharvest13,warmharvest13@opswise.net,2024-07-28 07:47:50
212,quietriver05,quietriver05@opswise.net,2025-11-04 06:16:10
213,younglagoon23,younglagoon23@hackstack.io,2024-03-18 18:37:30
214,ambertrail34,ambertrail34@acme.dev,2024-05-31 21:34:30
215,navyuplink29,navyuplink29@acme.dev,2025-01-22 20:22:23
216,calmriver63,calmriver63@example.com,2024-07-22 05:59:55
217,emberbeacon19,emberbeacon19@relay.cloud,2024-05-20 11:18:17
218,navypioneer05,navypioneer05@opswise.net,2024-06-30 11:08:29
219,tidynetwork56,tidynetwork56@opswise.net,2025-03-05 06:04:32
220,jadezenith83,jadezenith83@opswise.net,2025-05-29 04:51:12
221,rapidmeadow13,rapidmeadow13@acme.dev,2024-02-20 12:40:54
222,cleartrail87,cleartrail87@opswise.net,2025-04-13 16:01:12
223,dawntrail13,dawntrail13@hackstack.io,2025-04-28 13:23:08
224,emberyard45,emberyard45@relay.cloud,2024-06-12 18:54:43
225,rapidorbit48,rapidorbit48@hackstack.io,2024-08-08 03:27:53
226,youngbeacon40,youngbeacon40@hackstack.io,2024-11-30 14:17:48
227,proudwindow45,proudwindow45@opswise.net,2025-12-04 21:30:35
228,youngbeacon97,youngbeacon97@example.com,2024-05-16 21:14:23
229,tidytrail43,tidytrail43@acme.dev,2024-12-05 17:24:46
230,melloworbit82,melloworbit82@acme.dev,2024-06-01 08:00:37
231,briskisland61,briskisland61@opswise.net,2025-04-03 16:37:24
232,quietfield93,quietfield93@seeded.app,2025-09-04 10:38:52
233,opalzenith58,opalzenith58@opswise.net,2024-12-29 17:30:55
234,younglagoon01,younglagoon01@hackstack.io,2025-02-07 22:55:53
235,dawnengine68,dawnengine68@seeded.app,2024-04-24 02:27:11
236,briskdelta37,briskdelta37@hackstack.io,2025-02-20 08:33:14
237,harbormeadow05,harbormeadow05@relay.cloud,2024-04-09 08:41:05
238,vividmeadow80,vividmeadow80@relay.cloud,2025-06-29 10:39:21
239,quietfield30,quietfield30@example.com,2024-09-20 07:00:10
240,warmquartz20,warmquartz20@opswise.net,2026-01-08 00:31:54
241,vividbeacon24,vividbeacon24@acme.dev,2025-11-14 06:35:58
242,forestgarden52,forestgarden52@opswise.net,2025-01-18 11:41:25
243,navynetwork85,navynetwork85@hackstack.io,2024-08-29 00:51:09
244,silveranchor91,silveranchor91@seeded.app,2025-09-07 01:00:58
245,proudorbit78,proudorbit78@seeded.app,2025-01-12 01:38:02
246,opalmeadow94,opalmeadow94@hackstack.io,2025-01-10 02:24:32
247,quietwindow90,quietwindow90@acme.dev,2024-07-18 07:22:12
248,harborisland62,harborisland62@hackstack.io,2025-12-20 02:08:13
249,proudfield12,proudfield12@acme.dev,2025-04-03 16:32:53
250,goldriver12,goldriver12@hackstack.io,2024-04-01 08:45:55
251,proudisland85,proudisland85@opswise.net,2025-10-08 06:24:40
252,warmpioneer19,warmpioneer19@acme.dev,2025-12-21 02:10:42
253,dawnorbit33,dawnorbit33@hackstack.io,2024-04-01 06:50:36
254,forestmeadow71,forestmeadow71@example.com,2024-08-22 11:43:54
255,dawnvalley90,dawnvalley90@hackstack.io,2024-05-06 00:26:33
256,vividtrail65,vividtrail65@opswise.net,2025-11-28 00:48:19
257,amberuplink77,amberuplink77@hackstack.io,2025-02-01 07:09:19
258,keenquartz13,keenquartz13@relay.cloud,2025-02-21 21:52:09
259,tidygarden33,tidygarden33@example.com,2024-06-29 01:42:48
260,dawnriver49,dawnriver49@hackstack.io,2026-01-19 08:01:05
261,opalisland72,opalisland72@seeded.app,2026-01-26 15:32:09
262,cobaltlagoon39,cobaltlagoon39@opswise.net,2025-01-30 11:14:50
263,jadequartz20,jadequartz20@example.com,2024-11-23 17:38:09
264,cobaltengine30,cobaltengine30@relay.cloud,2026-01-05 11:41:37
265,urbanjourney15,urbanjourney15@example.com,2024-11-22 14:03:56
266,silveryard85,silveryard85@seeded.app,2024-07-23 01:52:25
267,youngjourney40,youngjourney40@seeded.app,2024-04-19 09:24:05
268,silverengine87,silverengine87@relay.cloud,2024-02-21 13:18:07
269,silverlagoon86,silverlagoon86@acme.dev,2025-09-05 00:32:01
270,urbanharvest44,urbanharvest44@example.com,2024-12-21 12:23:53
271,keenriver12,keenriver12@hackstack.io,2024-11-30 21:42:56
272,golddelta79,golddelta79@relay.cloud,2024-01-05 20:05:57
273,vividcanyon32,vividcanyon32@hackstack.io,2025-06-02 01:23:43
274,livelycanyon29,livelycanyon29@seeded.app,2024-08-10 13:20:22
275,ivorylagoon97,ivorylagoon97@hackstack.io,2024-09-25 20:26:25
276,amberjourney33,amberjourney33@opswise.net,2025-01-24 04:00:29
277,harborzenith03,harborzenith03@acme.dev,2024-02-17 02:11:53
278,livelyharvest41,livelyharvest41@example.com,2024-11-11 17:03:37
279,warmbeacon93,warmbeacon93@acme.dev,2024-10-26 22:11:21
280,dawncanyon78,dawncanyon78@acme.dev,2025-07-11 16:27:02
281,briskpioneer63,briskpioneer63@example.com,2025-06-05 21:30:42
282,vividbeacon48,vividbeacon48@hackstack.io,2024-05-04 01:22:40
283,briskanchor20,briskanchor20@hackstack.io,2024-06-30 16:21:44
284,cleartrail44,cleartrail44@acme.dev,2025-08-24 12:52:39
285,keenyard76,keenyard76@relay.cloud,2025-11-15 14:36:50
286,briskriver14,briskriver14@hackstack.io,2024-04-04 07:21:39
287,rapidcanyon69,rapidcanyon69@relay.cloud,2024-02-25 08:47:08
288,jademeadow98,jademeadow98@relay.cloud,2025-07-05 05:58:10
289,warmfield93,warmfield93@opswise.net,2024-03-20 14:25:50
290,harbornetwork20,harbornetwork20@example.com,2025-01-24 21:57:08
291,livelygarden70,livelygarden70@relay.cloud,2024-10-06 01:01:46
292,cobaltuplink47,cobaltuplink47@seeded.app,2025-06-15 15:23:38
293,youngisland45,youngisland45@example.com,2024-03-23 11:17:11
294,embernetwork45,embernetwork45@relay.cloud,2025-09-26 10:43:52
295,rapidbeacon81,rapidbeacon81@hackstack.io,2025-06-20 15:38:06
296,navyquartz27,navyquartz27@opswise.net,2024-11-11 10:09:22
297,warmorbit46,warmorbit46@example.com,2025-11-22 00:16:58
298,dawnfield75,dawnfield75@acme.dev,2024-01-31 22:26:26
299,urbanharvest64,urbanharvest64@seeded.app,2024-03-15 15:03:04
300,quietfield26,quietfield26@opswise.net,2024-11-08 12:49:39
301,clearjourney94,clearjourney94@relay.cloud,2024-09-11 11:02:04
302,dawnsignal26,dawnsignal26@example.com,2025-01-22 06:12:57
303,warmorbit58,warmorbit58@seeded.app,2024-05-23 12:10:47
304,urbantrail53,urbantrail53@hackstack.io,2024-11-12 10:50:50
305,ivorymeadow08,ivorymeadow08@hackstack.io,2024-03-10 11:47:00
306,ambercanyon06,ambercanyon06@opswise.net,2025-08-26 04:46:36
307,livelysignal84,livelysignal84@relay.cloud,2024-10-09 12:58:49
308,urbanbeacon76,urbanbeacon76@acme.dev,2025-08-23 04:40:57
309,quietquartz73,quietquartz73@example.com,2024-03-08 02:41:07
310,navycanyon78,navycanyon78@acme.dev,2025-02-23 13:59:03
311,rapidyard06,rapidyard06@opswise.net,2025-09-04 03:08:26
312,forestriver56,forestriver56@example.com,2024-06-03 17:48:34
313,navyfield27,navyfield27@opswise.net,2025-09-11 12:30:09
314,harborengine83,harborengine83@hackstack.io,2024-11-08 09:24:02
315,tidybeacon01,tidybeacon01@hackstack.io,2025-09-08 13:43:52
316,ivorymeadow87,ivorymeadow87@hackstack.io,2024-03-17 09:27:24
317,harborquartz70,harborquartz70@opswise.net,2025-10-15 00:40:41
318,proudjourney67,proudjourney67@opswise.net,2024-01-21 11:05:27
319,briskengine77,briskengine77@seeded.app,2024-07-02 13:08:59
320,livelyyard32,livelyyard32@relay.cloud,2025-03-03 03:20:05
321,urbantrail27,urbantrail27@example.com,2025-04-08 11:26:05
322,amberlagoon20,amberlagoon20@seeded.app,2024-07-30 06:44:10
323,clearanchor81,clearanchor81@acme.dev,2024-08-05 08:05:35
324,opalzenith08,opalzenith08@acme.dev,2025-04-09 11:45:15
325,mellowkernel61,mellowkernel61@seeded.app,2024-05-30 08:04:03
326,livelyzenith94,livelyzenith94@hackstack.io,2025-09-04 15:58:47
327,mellowanchor78,mellowanchor78@acme.dev,2025-08-01 15:56:37
328,forestlagoon85,forestlagoon85@acme.dev,2025-12-07 15:54:38
329,rapidcanyon20,rapidcanyon20@hackstack.io,2024-11-06 00:22:18
330,navylagoon02,navylagoon02@example.com,2025-02-22 16:59:19
331,prouddelta71,prouddelta71@seeded.app,2024-06-01 12:49:42
332,calmquartz46,calmquartz46@relay.cloud,2025-03-12 06:53:33
333,forestdelta92,forestdelta92@acme.dev,2024-02-21 21:49:46
334,forestuplink56,forestuplink56@example.com,2024-02-16 15:13:52
335,cleargarden74,cleargarden74@example.com,2025-11-16 23:55:39
336,amberbeacon24,amberbeacon24@seeded.app,2025-01-17 00:23:23
337,briskwindow22,briskwindow22@example.com,2024-10-06 12:11:34
338,ivorygarden16,ivorygarden16@example.com,2024-05-05 01:50:57
339,warmjourney93,warmjourney93@acme.dev,2025-07-30 08:58:55
340,warmdelta73,warmdelta73@opswise.net,2025-07-13 06:23:14
341,dawnnetwork35,dawnnetwork35@hackstack.io,2025-11-10 10:43:01
342,forestorbit37,forestorbit37@seeded.app,2025-01-19 14:49:54
343,briskorbit03,briskorbit03@opswise.net,2025-05-09 09:58:22
344,amberdelta55,amberdelta55@relay.cloud,2026-01-13 17:17:15
345,rapidwindow65,rapidwindow65@example.com,2025-11-22 16:45:08
346,jadejourney40,jadejourney40@example.com,2025-10-20 10:08:06
347,opaljourney02,opaljourney02@relay.cloud,2024-07-14 23:45:58
348,emberzenith68,emberzenith68@example.com,2024-09-09 06:16:37
349,harborriver17,harborriver17@relay.cloud,2024-09-20 01:31:17
350,mellowbeacon94,mellowbeacon94@relay.cloud,2025-12-21 12:31:29
351,opalzenith97,opalzenith97@seeded.app,2025-12-16 10:26:13
352,opallagoon69,opallagoon69@opswise.net,2025-03-03 03:29:47
353,rapidbeacon31,rapidbeacon31@example.com,2024-05-31 02:59:36
354,silvertrail61,silvertrail61@acme.dev,2026-01-19 21:17:09
355,urbangarden85,urbangarden85@seeded.app,2025-10-27 13:09:34
356,livelyquartz58,livelyquartz58@seeded.app,2025-06-10 02:39:33
357,dawnpioneer07,dawnpioneer07@example.com,2025-05-27 08:28:39
358,amberengine29,amberengine29@relay.cloud,2024-01-30 12:53:35
359,cobaltisland66,cobaltisland66@hackstack.io,2024-05-03 08:23:07
360,urbanmeadow79,urbanmeadow79@example.com,2024-11-11 22:31:23
361,goldkernel92,goldkernel92@hackstack.io,2025-06-10 23:20:40
362,mellowcanyon49,mellowcanyon49@relay.cloud,2025-06-17 09:48:09
363,opalkernel16,opalkernel16@example.com,2024-11-15 14:10:37
364,ivoryengine04,ivoryengine04@hackstack.io,2024-07-20 13:57:03
365,mellowtrail17,mellowtrail17@acme.dev,2024-08-30 06:02:46
366,rapidsignal95,rapidsignal95@relay.cloud,2024-03-07 05:42:17
367,quietuplink35,quietuplink35@hackstack.io,2024-10-05 23:07:54
368,tidyriver77,tidyriver77@acme.dev,2024-01-16 18:03:32
369,mellowdelta38,mellowdelta38@relay.cloud,2025-10-07 17:02:59
370,cobaltfield12,cobaltfield12@relay.cloud,2025-01-14 12:31:04
371,tidyharvest60,tidyharvest60@relay.cloud,2024-09-01 16:13:59
372,opaltrail74,opaltrail74@seeded.app,2024-05-19 04:28:50
373,ivorycanyon66,ivorycanyon66@acme.dev,2024-06-23 12:18:01
374,briskkernel54,briskkernel54@seeded.app,2025-11-14 04:31:50
375,embercanyon13,embercanyon13@example.com,2025-12-07 08:43:45
376,silversignal23,silversignal23@seeded.app,2025-01-29 04:23:07
377,cobaltcanyon26,cobaltcanyon26@hackstack.io,2024-07-16 12:24:43
378,tidyengine27,tidyengine27@relay.cloud,2024-09-11 11:26:15
379,emberkernel24,emberkernel24@opswise.net,2025-10-02 21:06:25
380,jadefield65,jadefield65@hackstack.io,2024-03-31 22:11:46
381,quietlagoon42,quietlagoon42@hackstack.io,2025-07-30 15:11:57
382,opalbeacon46,opalbeacon46@seeded.app,2024-02-23 12:01:58
383,warmjourney78,warmjourney78@relay.cloud,2025-09-23 22:33:40
384,calmnetwork96,calmnetwork96@relay.cloud,2024-09-06 07:34:00
385,briskharvest59,briskharvest59@relay.cloud,2024-03-07 19:46:58
386,urbanjourney62,urbanjourney62@acme.dev,2025-05-17 04:36:05
387,ivorydelta03,ivorydelta03@seeded.app,2025-08-17 12:22:29
388,keenyard31,keenyard31@acme.dev,2025-03-06 05:03:16
389,navyengine39,navyengine39@relay.cloud,2024-08-03 10:09:47
390,youngriver92,youngriver92@opswise.net,2024-06-30 15:59:52
391,calmfield41,calmfield41@relay.cloud,2025-01-13 12:51:50
392,navypioneer72,navypioneer72@seeded.app,2025-10-31 17:33:40
393,ivorymeadow05,ivorymeadow05@seeded.app,2025-01-02 20:23:49
394,navyorbit80,navyorbit80@opswise.net,2025-05-07 03:22:44
395,livelylagoon40,livelylagoon40@acme.dev,2025-01-10 00:53:04
396,rapidfield18,rapidfield18@relay.cloud,2025-02-16 16:14:44
397,rapidvalley16,rapidvalley16@seeded.app,2024-03-29 10:25:23
398,tidylagoon36,tidylagoon36@relay.cloud,2024-10-22 10:59:33
399,goldbeacon79,goldbeacon79@relay.cloud,2025-06-14 04:33:41
400,urbandelta48,urbandelta48@opswise.net,2025-11-29 10:11:39
